NAME,YOB,DEPARTURE,DESTINATION,PAID
Ella Foster,1983,Innsbruck,Warsaw,1122
Jack Stevens,1991,Innsbruck,Warsaw,1122
Rosie Harris,1978,Innsbruck,Warsaw,1122
Isaac Jones,1993,Innsbruck,Warsaw,1122
Jacob Harris,1973,Innsbruck,Warsaw,1122
Phoebe Harris,1992,Hamburg,Innsbruck,1212
Isla Allen,1978,Hamburg,Innsbruck,1212
Arthur Jones,1978,Hamburg,Innsbruck,1212
Tommy Stevens,1990,Hamburg,Innsbruck,1212
Lucas Wilson,1986,Hamburg,Innsbruck,1212
Willow Walker,1993,Brno,Rijeka,1224
Daisy Walker,1976,Brno,Rijeka,1224
Henry Allen,1974,Brno,Rijeka,1224
Arthur Adams,1980,Brno,Rijeka,1224
Ivy Allen,1985,Brno,Rijeka,1224
Harry Davidson,1993,Vienna,Warsaw,1133
Lucas White,1991,Vienna,Warsaw,1133
Isabella Adams,1988,Vienna,Warsaw,1133
Emily Holmes,1977,Vienna,Warsaw,1133
Noah Chapman,1975,Vienna,Warsaw,1133
Alfie Holmes,1987,Vienna,Warsaw,1133
Daisy Jones,1986,Brno,Rijeka,1224
Theodore Jones,1977,Brno,Rijeka,1224
Arlo Jones,1983,Brno,Rijeka,1224
Sofia Walker,1975,Hamburg,Innsbruck,936
Sofia Walker,1984,Hamburg,Innsbruck,936
Isla Walker,2014,Hamburg,Innsbruck,936
Charlotte Walker,2017,Hamburg,Innsbruck,936
Isabella White,1980,Prague,Rijeka,618
Lucas White,1975,Prague,Rijeka,618
Muhammad White,2015,Prague,Rijeka,618
Jack White,1988,Krakow,Zagreb,824
Daisy White,1980,Krakow,Zagreb,824
Jack White,2017,Krakow,Zagreb,824
Muhammad White,2015,Krakow,Zagreb,824
Mia Wilson,1977,Hamburg,Innsbruck,1224
Oscar Foster,1983,Hamburg,Innsbruck,1224
William Walker,1980,Hamburg,Innsbruck,1224
Thomas Chapman,1982,Hamburg,Innsbruck,1224
Archie Chapman,1989,Innsbruck,Warsaw,936
Muhammad Chapman,1985,Innsbruck,Warsaw,936
Harry Chapman,2014,Innsbruck,Warsaw,936
Ivy Holmes,1975,Hamburg,Innsbruck,309
Florence Holmes,1980,Hamburg,Innsbruck,309
Isabella Holmes,2017,Hamburg,Innsbruck,309
Muhammad Webb,1973,Vienna,Warsaw,1111
Willow Chapman,1983,Vienna,Warsaw,1111
Ella Webb,1978,Vienna,Warsaw,1111
Finley Payne,1992,Vienna,Warsaw,1111
Leo Lewis,1982,Vienna,Warsaw,1111
Freya Davidson,1982,Hamburg,Innsbruck,306
Florence Davidson,1992,Hamburg,Innsbruck,306
Emily Davidson,2017,Hamburg,Innsbruck,306
George Allen,1975,Berlin,Napoli,808
Jacob Allen,1980,Berlin,Napoli,808
Amelia Allen,2018,Berlin,Napoli,808
Archie Allen,2017,Berlin,Napoli,808
Sophia Black,1978,Brno,Rijeka,707
Grace Black,1983,Brno,Rijeka,707
Freddie Black,2014,Brno,Rijeka,707
Freya Burton,1978,Innsbruck,Warsaw,1122
Mia Stevens,1976,Innsbruck,Warsaw,1122
Arlo Chapman,1992,Innsbruck,Warsaw,1122
Archie Walker,1979,Innsbruck,Warsaw,1122
Thomas Webb,1984,Krakow,Zagreb,808
Tommy Webb,1987,Krakow,Zagreb,808
Elsie Webb,2015,Krakow,Zagreb,808
Evie Webb,2016,Krakow,Zagreb,808
Arthur Stevens,1978,Hamburg,Innsbruck,927
Poppy Stevens,1984,Hamburg,Innsbruck,927
Arlo Stevens,2018,Hamburg,Innsbruck,927
Theodore Holmes,1976,Vienna,Warsaw,1144
Archie White,1993,Vienna,Warsaw,1144
Amelia Walker,1990,Vienna,Warsaw,1144
Poppy Walker,1978,Vienna,Warsaw,1144
Jack Allen,1976,Prague,Rijeka,1040
Theodore Black,1975,Prague,Rijeka,1040
Jacob Davidson,1974,Prague,Rijeka,1040
Amelia Allen,1980,Prague,Rijeka,1040
Arlo Lewis,1985,Prague,Rijeka,1040
Elsie Black,1990,Berlin,Napoli,808
Henry Black,1985,Berlin,Napoli,808
Henry Black,2018,Berlin,Napoli,808
Isaac Black,2013,Berlin,Napoli,808
Florence Webb,1977,Hamburg,Innsbruck,312
Mia Webb,1990,Hamburg,Innsbruck,312
Oscar Webb,2016,Hamburg,Innsbruck,312
Evelyn Chapman,1983,Innsbruck,Warsaw,909
William Chapman,1977,Innsbruck,Warsaw,909
Isla Chapman,2017,Innsbruck,Warsaw,909
George Matthews,1982,Brno,Rijeka,624
Arthur Matthews,1981,Brno,Rijeka,624
Ella Matthews,2014,Brno,Rijeka,624
Isabella Robinson,1989,Vienna,Warsaw,1144
Ava Walker,1980,Vienna,Warsaw,1144
Lily Matthews,1977,Vienna,Warsaw,1144
Theo Matthews,1993,Vienna,Warsaw,1144
Archie Matthews,1993,Vienna,Warsaw,1144
Noah Matthews,1986,Berlin,Napoli,1122
Freya Burton,1986,Berlin,Napoli,1122
Theodore Robinson,1975,Berlin,Napoli,1122
Isla Harris,1975,Berlin,Napoli,1122
Amelia Matthews,1981,Berlin,Napoli,1122
Mia Chapman,1984,Hamburg,Innsbruck,936
Alfie Chapman,1981,Hamburg,Innsbruck,936
Freya Chapman,2015,Hamburg,Innsbruck,936
Jacob Chapman,2018,Hamburg,Innsbruck,936
Arthur Wilson,1992,Innsbruck,Warsaw,1111
William Lewis,1984,Innsbruck,Warsaw,1111
Willow Davidson,1976,Innsbruck,Warsaw,1111
Lily Adams,1982,Innsbruck,Warsaw,1111
Theodore Adams,1976,Innsbruck,Warsaw,1111
Archie Wilson,1983,Hamburg,Innsbruck,1224
Isla Lewis,1977,Hamburg,Innsbruck,1224
Isla Matthews,1986,Hamburg,Innsbruck,1224
Arlo Payne,1977,Hamburg,Innsbruck,1224
Florence Davidson,1988,Hamburg,Innsbruck,1224
Phoebe Burton,1980,Hamburg,Innsbruck,1224
Rosie Burton,1987,Hamburg,Rome,832
Amelia Burton,1984,Hamburg,Rome,832
Sophia Burton,2013,Hamburg,Rome,832
Muhammad Burton,2017,Hamburg,Rome,832
Jack White,1988,Brno,Rijeka,1224
Poppy Burton,1993,Brno,Rijeka,1224
Charlie White,1973,Brno,Rijeka,1224
Isabella Robinson,1973,Brno,Rijeka,1224
Freya Lewis,1991,Brno,Rijeka,1224
Sienna Adams,1990,Hamburg,Rome,808
Muhammad Adams,1988,Hamburg,Rome,808
Lily Adams,2016,Hamburg,Rome,808
Amelia Adams,2016,Hamburg,Rome,808
Harry Chapman,1980,Vienna,Warsaw,728
Willow Chapman,1981,Vienna,Warsaw,728
Jacob Chapman,2018,Vienna,Warsaw,728
Willow Matthews,1993,Prague,Rijeka,606
Jacob Matthews,1974,Prague,Rijeka,606
Sofia Matthews,2016,Prague,Rijeka,606
Isla Matthews,2014,Prague,Rijeka,606
Henry Foster,1982,Hamburg,Innsbruck,1248
Charlie Payne,1977,Hamburg,Innsbruck,1248
Sienna Payne,1978,Hamburg,Innsbruck,1248
Freddie Allen,1986,Hamburg,Innsbruck,1248
Florence Lewis,1982,Hamburg,Innsbruck,1248
Theodore Payne,1982,Hamburg,Innsbruck,1248
Phoebe Wilson,1974,Innsbruck,Warsaw,1236
Theo White,1993,Innsbruck,Warsaw,1236
Florence Webb,1977,Innsbruck,Warsaw,1236
William Robinson,1984,Innsbruck,Warsaw,1236
Emily Payne,1990,Innsbruck,Warsaw,1236
Mia Jones,1979,Brno,Rijeka,728
Florence Jones,1977,Brno,Rijeka,728
Elsie Jones,2017,Brno,Rijeka,728
Grace Jones,2015,Brno,Rijeka,728
Willow Stevens,1987,Hamburg,Rome,721
Isla Stevens,1974,Hamburg,Rome,721
Ivy Stevens,2016,Hamburg,Rome,721
Evelyn Walker,1977,Prague,Rijeka,612
Grace Walker,1981,Prague,Rijeka,612
Charlotte Walker,2013,Prague,Rijeka,612
Evie Walker,2018,Prague,Rijeka,612
Leo Chapman,1993,Berlin,Napoli,714
Roman Chapman,1987,Berlin,Napoli,714
Jack Chapman,2017,Berlin,Napoli,714
Isaac White,1989,Innsbruck,Warsaw,936
Emily White,1976,Innsbruck,Warsaw,936
Jack White,2018,Innsbruck,Warsaw,936
Sienna Harris,1979,Brno,Rijeka,624
Sophia Harris,1981,Brno,Rijeka,624
Arthur Harris,2014,Brno,Rijeka,624
Charlotte Payne,1981,Krakow,Zagreb,808
Jack Payne,1979,Krakow,Zagreb,808
Arlo Payne,2018,Krakow,Zagreb,808
Isaac Payne,2017,Krakow,Zagreb,808
Grace Davidson,1973,Prague,Rijeka,1010
Grace Allen,1993,Prague,Rijeka,1010
Evelyn Adams,1975,Prague,Rijeka,1010
Ivy Chapman,1990,Brno,Rijeka,1224
Florence Matthews,1987,Brno,Rijeka,1224
Noah White,1987,Brno,Rijeka,1224
Mia Davidson,1980,Brno,Rijeka,1224
Poppy Baker,1987,Brno,Rijeka,1224
Ava Matthews,1983,Prague,Rijeka,618
Noah Matthews,1987,Prague,Rijeka,618
Jacob Matthews,2018,Prague,Rijeka,618
Ivy Walker,1975,Brno,Rijeka,1236
Mia Robinson,1974,Brno,Rijeka,1236
Arthur Webb,1977,Brno,Rijeka,1236
Grace Wilson,1986,Krakow,Zagreb,918
Isla Wilson,1991,Krakow,Zagreb,918
Finley Wilson,2015,Krakow,Zagreb,918
George Foster,1983,Innsbruck,Warsaw,520
Jacob Foster,1988,Innsbruck,Warsaw,520
Theodore Foster,2018,Innsbruck,Warsaw,520
Ella Adams,1984,Hamburg,Rome,714
Oscar Adams,1980,Hamburg,Rome,714
Ivy Adams,2013,Hamburg,Rome,714
Freya Adams,2017,Hamburg,Rome,714
Theo Harris,1980,Berlin,Napoli,936
George Harris,1975,Berlin,Napoli,936
Lucas Harris,2013,Berlin,Napoli,936
Noah Harris,2014,Berlin,Napoli,936
Theodore Chapman,1980,Vienna,Warsaw,927
Theodore Chapman,1978,Vienna,Warsaw,927
Henry Chapman,2014,Vienna,Warsaw,927
Arthur Chapman,2016,Vienna,Warsaw,927
Willow Walker,1978,Hamburg,Rome,832
Isaac Walker,1987,Hamburg,Rome,832
Freddie Walker,2015,Hamburg,Rome,832
Elsie Walker,2013,Hamburg,Rome,832
Elsie Owen,1991,Innsbruck,Warsaw,1122
Oscar Foster,1977,Innsbruck,Warsaw,1122
Ella Payne,1977,Innsbruck,Warsaw,1122
Alfie Adams,1978,Berlin,Napoli,1040
Freddie Matthews,1984,Berlin,Napoli,1040
Daisy Chapman,1991,Berlin,Napoli,1040
Charlotte Lewis,1975,Berlin,Napoli,1040
Evie Robinson,1977,Berlin,Napoli,1040
Arlo Lewis,1974,Berlin,Napoli,1040
Mia Wilson,1988,Hamburg,Rome,808
Poppy Wilson,1991,Hamburg,Rome,808
Jack Wilson,2015,Hamburg,Rome,808
Sophia White,1987,Brno,Rijeka,1212
Phoebe Black,1984,Brno,Rijeka,1212
Evie Payne,1989,Brno,Rijeka,1212
Ava Chapman,1992,Hamburg,Innsbruck,1248
Evelyn Davidson,1987,Hamburg,Innsbruck,1248
Grace Harris,1977,Hamburg,Innsbruck,1248
Jack Allen,1988,Hamburg,Innsbruck,1248
Theodore Wilson,1978,Hamburg,Innsbruck,1248
Ivy Owen,1980,Krakow,Zagreb,824
Phoebe Owen,1989,Krakow,Zagreb,824
Theodore Owen,2014,Krakow,Zagreb,824
William Stevens,1992,Vienna,Warsaw,1111
Isla Walker,1985,Vienna,Warsaw,1111
William Owen,1988,Vienna,Warsaw,1111
Charlotte Allen,1975,Vienna,Warsaw,1111
Finley Webb,1982,Vienna,Warsaw,1111
Finley Harris,1989,Vienna,Warsaw,1111
Freddie Baker,1977,Vienna,Warsaw,1111
Rosie Lewis,1988,Vienna,Warsaw,1111
Rosie White,1980,Prague,Rijeka,1040
Charlotte Davidson,1977,Prague,Rijeka,1040
Charlie Black,1986,Prague,Rijeka,1040
William Foster,1978,Prague,Rijeka,1020
Harry Robinson,1984,Prague,Rijeka,1020
Amelia Davidson,1973,Prague,Rijeka,1020
Sofia Wilson,1976,Prague,Rijeka,1020
Lily Adams,1978,Prague,Rijeka,1020
Arlo Walker,1974,Prague,Rijeka,1020
Isaac Lewis,1981,Prague,Rijeka,1020
Jack Burton,1990,Prague,Rijeka,1020
Charlotte Webb,1993,Prague,Rijeka,1020
Evelyn Chapman,1978,Prague,Rijeka,1020
Willow Robinson,1975,Prague,Rijeka,624
Mia Robinson,1983,Prague,Rijeka,624
Jacob Robinson,2016,Prague,Rijeka,624
Grace Robinson,2013,Prague,Rijeka,624
Daisy Davidson,1978,Vienna,Warsaw,1111
Isaac Holmes,1992,Vienna,Warsaw,1111
Theo Allen,1979,Vienna,Warsaw,1111
Charlie Chapman,1993,Vienna,Warsaw,1111
Theodore Adams,1988,Vienna,Warsaw,1111
Noah Baker,1985,Vienna,Warsaw,1111
Ava Webb,1983,Innsbruck,Warsaw,1122
Ella Stevens,1974,Innsbruck,Warsaw,1122
Phoebe Chapman,1983,Innsbruck,Warsaw,1122
Charlotte Harris,1993,Innsbruck,Warsaw,1122
Grace Foster,1974,Innsbruck,Warsaw,1122
Oscar Allen,1992,Innsbruck,Warsaw,1122
Willow Adams,1983,Innsbruck,Warsaw,927
Tommy Adams,1980,Innsbruck,Warsaw,927
Jacob Adams,2013,Innsbruck,Warsaw,927
Isaac Adams,2015,Innsbruck,Warsaw,927
Ivy Owen,1980,Prague,Rijeka,612
Elsie Owen,1981,Prague,Rijeka,612
Isabella Owen,2015,Prague,Rijeka,612
Charlotte Owen,2014,Prague,Rijeka,612
Oscar Matthews,1982,Hamburg,Innsbruck,1236
Mia Holmes,1988,Hamburg,Innsbruck,1236
Willow Wilson,1987,Hamburg,Innsbruck,1236
Alfie Adams,1975,Hamburg,Innsbruck,1236
Sofia White,1982,Hamburg,Innsbruck,1236
Muhammad Black,1988,Hamburg,Innsbruck,1248
Sienna Burton,1986,Hamburg,Innsbruck,1248
Archie Walker,1974,Hamburg,Innsbruck,1248
Theodore Harris,1975,Hamburg,Innsbruck,1248
Ella Owen,1986,Hamburg,Innsbruck,1248
Freddie Holmes,1988,Krakow,Zagreb,909
Archie Holmes,1976,Krakow,Zagreb,909
Ivy Holmes,2017,Krakow,Zagreb,909
Evelyn Holmes,2014,Krakow,Zagreb,909
Emily Walker,1989,Berlin,Napoli,808
Mia Walker,1976,Berlin,Napoli,808
Charlie Walker,2018,Berlin,Napoli,808
Willow Walker,2016,Berlin,Napoli,808
Arthur Harris,1980,Brno,Rijeka,714
Finley Harris,1992,Brno,Rijeka,714
Archie Harris,2014,Brno,Rijeka,714
Muhammad Foster,1987,Hamburg,Innsbruck,936
Willow Foster,1976,Hamburg,Innsbruck,936
Poppy Foster,2015,Hamburg,Innsbruck,936
Harry Burton,1984,Prague,Rijeka,1010
Roman Holmes,1984,Prague,Rijeka,1010
George Adams,1989,Prague,Rijeka,1010
Jack Payne,1991,Prague,Rijeka,1010
Rosie Burton,1985,Prague,Rijeka,1010
Arlo Adams,1986,Prague,Rijeka,1010
Henry Foster,1979,Vienna,Warsaw,1122
Charlotte Davidson,1993,Vienna,Warsaw,1122
Isla Allen,1980,Vienna,Warsaw,1122
Alfie Matthews,1980,Vienna,Warsaw,1122
Sofia Foster,1983,Vienna,Warsaw,1122
Grace Webb,1979,Innsbruck,Warsaw,505
William Webb,1976,Innsbruck,Warsaw,505
Arthur Webb,2017,Innsbruck,Warsaw,505
Freya Webb,2013,Innsbruck,Warsaw,505
Archie Baker,1989,Krakow,Zagreb,918
Isla Baker,1985,Krakow,Zagreb,918
Florence Baker,2015,Krakow,Zagreb,918
Daisy Foster,1991,Berlin,Napoli,714
Arlo Foster,1989,Berlin,Napoli,714
Mia Foster,2013,Berlin,Napoli,714
Freya Foster,2018,Berlin,Napoli,714
Theo Davidson,1986,Vienna,Warsaw,918
Evie Davidson,1992,Vienna,Warsaw,918
Sofia Davidson,2018,Vienna,Warsaw,918
Daisy Davidson,2015,Vienna,Warsaw,918
Charlie Holmes,1977,Berlin,Napoli,1144
Jacob Stevens,1978,Berlin,Napoli,1144
Theodore White,1986,Berlin,Napoli,1144
Rosie Matthews,1992,Berlin,Napoli,1144
Sienna White,1978,Innsbruck,Warsaw,1144
Ivy Harris,1990,Innsbruck,Warsaw,1144
Arlo Black,1981,Innsbruck,Warsaw,1144
Ava Lewis,1981,Hamburg,Innsbruck,909
Charlotte Lewis,1991,Hamburg,Innsbruck,909
Ivy Lewis,2017,Hamburg,Innsbruck,909
Evelyn Lewis,2018,Hamburg,Innsbruck,909
Muhammad Lewis,1982,Hamburg,Innsbruck,1212
Thomas Lewis,1993,Hamburg,Innsbruck,1212
Poppy White,1991,Hamburg,Innsbruck,1212
Theodore Lewis,1980,Hamburg,Innsbruck,1212
William Black,1985,Hamburg,Innsbruck,1212
Amelia White,1976,Hamburg,Innsbruck,1212
Leo White,1985,Vienna,Warsaw,1144
Sophia Davidson,1985,Vienna,Warsaw,1144
Isabella Matthews,1983,Vienna,Warsaw,1144
Leo Stevens,1987,Vienna,Warsaw,1144
Charlie Robinson,1993,Prague,Rijeka,1020
Muhammad Baker,1993,Prague,Rijeka,1020
Evelyn Lewis,1993,Prague,Rijeka,1020
Freddie Stevens,1973,Brno,Rijeka,1224
Harry Matthews,1977,Brno,Rijeka,1224
Isla Foster,1979,Brno,Rijeka,1224
Rosie Webb,1985,Vienna,Warsaw,1122
Rosie Robinson,1983,Vienna,Warsaw,1122
Tommy Foster,1990,Vienna,Warsaw,1122
Lily Wilson,1975,Innsbruck,Warsaw,520
Roman Wilson,1990,Innsbruck,Warsaw,520
Freddie Wilson,2013,Innsbruck,Warsaw,520
Charlie Walker,1982,Hamburg,Innsbruck,1212
Jacob Robinson,1984,Hamburg,Innsbruck,1212
Charlotte Foster,1986,Hamburg,Innsbruck,1212
Oscar Black,1992,Hamburg,Innsbruck,1212
Alfie Walker,1985,Hamburg,Innsbruck,1224
Charlie Stevens,1978,Hamburg,Innsbruck,1224
Harry Allen,1989,Hamburg,Innsbruck,1224
Elsie Chapman,1974,Hamburg,Innsbruck,1224
Arthur Stevens,1987,Hamburg,Innsbruck,1224
George Payne,1979,Hamburg,Innsbruck,1224
Florence Robinson,1977,Hamburg,Innsbruck,1224
Poppy Lewis,1983,Hamburg,Innsbruck,1224
Arlo Chapman,1987,Hamburg,Innsbruck,1224
Ella Foster,1980,Hamburg,Innsbruck,1224
Lucas Walker,1976,Hamburg,Innsbruck,1224
Arthur Lewis,1982,Prague,Rijeka,618
Sophia Lewis,1989,Prague,Rijeka,618
Jack Lewis,2017,Prague,Rijeka,618
Mia Lewis,2014,Prague,Rijeka,618
Sofia Holmes,1988,Hamburg,Innsbruck,1248
Finley Baker,1974,Hamburg,Innsbruck,1248
Lily Robinson,1989,Hamburg,Innsbruck,1248
Charlie Wilson,1988,Hamburg,Innsbruck,1248
Leo Stevens,1988,Hamburg,Innsbruck,1248
Evelyn Harris,1984,Prague,Rijeka,1010
Leo Robinson,1976,Prague,Rijeka,1010
Ella Burton,1993,Prague,Rijeka,1010
Henry Payne,1978,Prague,Rijeka,1010
Charlotte Jones,1987,Krakow,Zagreb,714
Phoebe Jones,1990,Krakow,Zagreb,714
Noah Jones,2016,Krakow,Zagreb,714
Emily Jones,2016,Krakow,Zagreb,714
Willow Baker,1979,Brno,Rijeka,1224
Emily Owen,1981,Brno,Rijeka,1224
Willow Chapman,1992,Brno,Rijeka,1224
Henry Robinson,1986,Brno,Rijeka,1224
Thomas Baker,1992,Berlin,Napoli,1010
Arlo Holmes,1983,Berlin,Napoli,1010
Arlo Webb,1978,Berlin,Napoli,1010
Sofia Adams,1987,Berlin,Napoli,1010
Grace Owen,1989,Berlin,Napoli,1010
Leo Wilson,1973,Berlin,Napoli,1010
Freddie Matthews,1988,Vienna,Warsaw,714
Sofia Matthews,1974,Vienna,Warsaw,714
Sophia Matthews,2018,Vienna,Warsaw,714
Sienna Matthews,2017,Vienna,Warsaw,714
Mia Baker,1979,Hamburg,Innsbruck,936
Finley Baker,1991,Hamburg,Innsbruck,936
Lucas Baker,2018,Hamburg,Innsbruck,936
Grace Davidson,1979,Krakow,Zagreb,808
Willow Davidson,1979,Krakow,Zagreb,808
Amelia Davidson,2013,Krakow,Zagreb,808
Isla Allen,1984,Innsbruck,Warsaw,1111
Isla Harris,1982,Innsbruck,Warsaw,1111
Finley Chapman,1985,Innsbruck,Warsaw,1111
Emily Black,1986,Innsbruck,Warsaw,1111
Mia Black,1978,Innsbruck,Warsaw,1111
William Walker,1990,Innsbruck,Warsaw,515
Arthur Walker,1988,Innsbruck,Warsaw,515
Phoebe Walker,2014,Innsbruck,Warsaw,515
George Baker,1992,Berlin,Napoli,721
Phoebe Baker,1987,Berlin,Napoli,721
Roman Baker,2016,Berlin,Napoli,721
Mia Davidson,1979,Brno,Rijeka,612
Isaac Davidson,1978,Brno,Rijeka,612
Rosie Davidson,2013,Brno,Rijeka,612
Isla Davidson,2018,Brno,Rijeka,612
Theodore Davidson,1987,Prague,Rijeka,1040
Finley Allen,1985,Prague,Rijeka,1040
Muhammad Owen,1984,Prague,Rijeka,1040
Amelia Foster,1983,Prague,Rijeka,1040
Charlotte Wilson,1973,Prague,Rijeka,1040
Mia Wilson,1984,Prague,Rijeka,1040
Charlotte Wilson,1973,Brno,Rijeka,707
Roman Wilson,1981,Brno,Rijeka,707
Daisy Wilson,2017,Brno,Rijeka,707
Sofia Adams,1981,Brno,Rijeka,1224
Amelia Davidson,1986,Brno,Rijeka,1224
Noah Payne,1993,Brno,Rijeka,1224
Oscar Chapman,1975,Berlin,Napoli,1111
Archie Stevens,1984,Berlin,Napoli,1111
Freddie Holmes,1993,Berlin,Napoli,1111
Alfie Walker,1976,Berlin,Napoli,1111
Tommy Jones,1979,Berlin,Napoli,1111
Emily Baker,1981,Berlin,Napoli,832
Isabella Baker,1975,Berlin,Napoli,832
Isla Baker,2018,Berlin,Napoli,832
Henry Black,1981,Prague,Rijeka,1020
Noah Matthews,1989,Prague,Rijeka,1020
Noah Harris,1986,Prague,Rijeka,1020
Leo Baker,1974,Prague,Rijeka,1020
Muhammad Payne,1992,Prague,Rijeka,1020
Isla Wilson,1985,Prague,Rijeka,1020
Florence Webb,1984,Brno,Rijeka,728
Roman Webb,1984,Brno,Rijeka,728
Evelyn Webb,2013,Brno,Rijeka,728
Jacob Webb,2017,Brno,Rijeka,728
Evelyn Jones,1982,Vienna,Warsaw,918
Emily Jones,1983,Vienna,Warsaw,918
Charlotte Jones,2018,Vienna,Warsaw,918
Charlotte Chapman,1980,Berlin,Napoli,1144
William Payne,1992,Berlin,Napoli,1144
Isla Robinson,1985,Berlin,Napoli,1144
Sienna Davidson,1993,Berlin,Napoli,1144
Tommy White,1990,Berlin,Napoli,1144
Ava Davidson,1974,Berlin,Napoli,1144
Evelyn Adams,1987,Vienna,Warsaw,927
Oscar Adams,1992,Vienna,Warsaw,927
Sophia Adams,2018,Vienna,Warsaw,927
Mia Holmes,1992,Berlin,Napoli,1020
Grace Chapman,1988,Berlin,Napoli,1020
Theo Harris,1991,Berlin,Napoli,1020
Theodore Baker,1974,Berlin,Napoli,1020
Tommy Matthews,1978,Berlin,Napoli,1020
Isaac Webb,1977,Berlin,Napoli,1020
William Wilson,1986,Brno,Rijeka,1212
Ella Holmes,1979,Brno,Rijeka,1212
Poppy Black,1982,Brno,Rijeka,1212
Amelia Baker,1981,Brno,Rijeka,1212
Freya Stevens,1979,Brno,Rijeka,1212
Noah Chapman,1982,Brno,Rijeka,1212
Isabella Payne,1980,Innsbruck,Warsaw,927
Jacob Payne,1980,Innsbruck,Warsaw,927
Arlo Payne,2015,Innsbruck,Warsaw,927
Henry Payne,2014,Innsbruck,Warsaw,927
Ava Walker,1983,Brno,Rijeka,714
Emily Walker,1985,Brno,Rijeka,714
Muhammad Walker,2016,Brno,Rijeka,714
Charlie Walker,2013,Brno,Rijeka,714
Elsie Allen,1992,Innsbruck,Warsaw,1236
Ivy Adams,1978,Innsbruck,Warsaw,1236
Henry Holmes,1975,Innsbruck,Warsaw,1236
Evelyn Burton,1984,Krakow,Zagreb,816
Phoebe Burton,1985,Krakow,Zagreb,816
Freddie Burton,2018,Krakow,Zagreb,816
Alfie Foster,1974,Berlin,Napoli,824
Jack Foster,1986,Berlin,Napoli,824
Jacob Foster,2018,Berlin,Napoli,824
Evelyn Wilson,1983,Berlin,Napoli,816
Amelia Wilson,1985,Berlin,Napoli,816
Charlie Wilson,2015,Berlin,Napoli,816
Tommy Wilson,2014,Berlin,Napoli,816
Isabella Davidson,1982,Berlin,Napoli,1133
Amelia Wilson,1986,Berlin,Napoli,1133
Poppy Harris,1974,Berlin,Napoli,1133
Grace Webb,1974,Berlin,Napoli,1133
Thomas Holmes,1987,Berlin,Napoli,1133
William Lewis,1974,Berlin,Napoli,1133
Evie Foster,1984,Vienna,Warsaw,927
Elsie Foster,1985,Vienna,Warsaw,927
Thomas Foster,2015,Vienna,Warsaw,927
Phoebe Baker,1975,Prague,Rijeka,624
Theo Baker,1993,Prague,Rijeka,624
Rosie Baker,2017,Prague,Rijeka,624
Oscar Baker,2017,Prague,Rijeka,624
Phoebe Foster,1979,Prague,Rijeka,612
Freya Foster,1976,Prague,Rijeka,612
Henry Foster,2017,Prague,Rijeka,612
Mia Adams,1977,Hamburg,Rome,707
Leo Adams,1983,Hamburg,Rome,707
Grace Adams,2013,Hamburg,Rome,707
Jacob Robinson,1983,Hamburg,Innsbruck,1236
Arlo Baker,1991,Hamburg,Innsbruck,1236
Alfie Stevens,1987,Hamburg,Innsbruck,1236
Thomas Lewis,1992,Hamburg,Innsbruck,1236
Lily White,1984,Hamburg,Innsbruck,1236
Harry Chapman,1983,Hamburg,Innsbruck,1236
Rosie Harris,1978,Berlin,Napoli,1144
Freya Stevens,1976,Berlin,Napoli,1144
Willow Holmes,1979,Berlin,Napoli,1144
Oscar Holmes,1985,Berlin,Napoli,1144
Charlie White,1980,Berlin,Napoli,1144
Jacob Webb,1983,Berlin,Napoli,1144
Rosie Matthews,1985,Innsbruck,Warsaw,936
Alfie Matthews,1989,Innsbruck,Warsaw,936
Archie Matthews,2013,Innsbruck,Warsaw,936
Finley Matthews,2018,Innsbruck,Warsaw,936
Emily Jones,1988,Brno,Rijeka,606
Theodore Jones,1974,Brno,Rijeka,606
Poppy Jones,2015,Brno,Rijeka,606
Archie Jones,2015,Brno,Rijeka,606
Harry Harris,1975,Innsbruck,Warsaw,515
Evie Harris,1977,Innsbruck,Warsaw,515
Florence Harris,2016,Innsbruck,Warsaw,515
Muhammad Walker,1993,Innsbruck,Warsaw,510
Emily Walker,1990,Innsbruck,Warsaw,510
Amelia Walker,2013,Innsbruck,Warsaw,510
Lily Black,1979,Brno,Rijeka,1248
Thomas Baker,1982,Brno,Rijeka,1248
Ava Allen,1978,Brno,Rijeka,1248
Grace Harris,1981,Brno,Rijeka,1248
Sofia Chapman,1979,Brno,Rijeka,1248
Mia Baker,1989,Hamburg,Innsbruck,927
Roman Baker,1987,Hamburg,Innsbruck,927
Mia Baker,2016,Hamburg,Innsbruck,927
Poppy Stevens,1979,Vienna,Warsaw,1111
Isaac Allen,1979,Vienna,Warsaw,1111
Willow Holmes,1978,Vienna,Warsaw,1111
Emily Wilson,1976,Vienna,Warsaw,1111
Isaac Adams,1975,Vienna,Warsaw,1111
Freddie Davidson,1992,Innsbruck,Warsaw,1111
Arlo Harris,1991,Innsbruck,Warsaw,1111
Ella Baker,1991,Innsbruck,Warsaw,1111
Leo Black,1982,Innsbruck,Warsaw,1111
Isabella Burton,1979,Vienna,Warsaw,1133
Phoebe Payne,1976,Vienna,Warsaw,1133
Sophia Davidson,1979,Vienna,Warsaw,1133
Archie Owen,1988,Vienna,Warsaw,1133
Sienna Jones,1976,Vienna,Warsaw,1133
Emily Davidson,1984,Vienna,Warsaw,1133
Theo Stevens,1980,Prague,Rijeka,618
Jacob Stevens,1989,Prague,Rijeka,618
Charlotte Stevens,2013,Prague,Rijeka,618
Florence Stevens,2018,Prague,Rijeka,618
Freya Davidson,1990,Innsbruck,Warsaw,927
Evie Davidson,1981,Innsbruck,Warsaw,927
Evie Davidson,2016,Innsbruck,Warsaw,927
Daisy Robinson,1981,Prague,Rijeka,1040
Jack Jones,1974,Prague,Rijeka,1040
Mia Holmes,1992,Prague,Rijeka,1040
Daisy Chapman,1981,Prague,Rijeka,1040
Harry White,1992,Prague,Rijeka,1040
Arthur Davidson,1990,Prague,Rijeka,1010
Mia Holmes,1977,Prague,Rijeka,1010
Isaac Payne,1979,Prague,Rijeka,1010
Archie Davidson,1982,Prague,Rijeka,1010
Muhammad Holmes,1976,Prague,Rijeka,1010
Sofia Matthews,1982,Prague,Rijeka,1010
Jacob Allen,1978,Hamburg,Innsbruck,306
Henry Allen,1989,Hamburg,Innsbruck,306
Muhammad Allen,2016,Hamburg,Innsbruck,306
Ella Robinson,1992,Berlin,Napoli,1010
Ivy Allen,1987,Berlin,Napoli,1010
Grace Owen,1991,Berlin,Napoli,1010
Finley Payne,1973,Berlin,Napoli,1010
Alfie Lewis,1979,Berlin,Napoli,1010
Lucas Lewis,1991,Berlin,Napoli,1010
Elsie Chapman,1974,Brno,Rijeka,1224
Alfie Matthews,1992,Brno,Rijeka,1224
Elsie Foster,1979,Brno,Rijeka,1224
Phoebe Allen,1992,Brno,Rijeka,1224
Phoebe Harris,1990,Brno,Rijeka,1224
Archie Webb,1982,Brno,Rijeka,1224
Sophia Burton,1983,Innsbruck,Warsaw,1224
Ivy Baker,1984,Innsbruck,Warsaw,1224
Alfie Walker,1991,Innsbruck,Warsaw,1224
Lily Matthews,1991,Innsbruck,Warsaw,1224
Sofia Walker,1984,Innsbruck,Warsaw,1224
Phoebe Davidson,1981,Innsbruck,Warsaw,1224
Tommy Holmes,1981,Innsbruck,Warsaw,909
Lily Holmes,1985,Innsbruck,Warsaw,909
Grace Holmes,2018,Innsbruck,Warsaw,909
Archie Holmes,2017,Innsbruck,Warsaw,909
Ella Allen,1993,Prague,Rijeka,612
Rosie Allen,1988,Prague,Rijeka,612
Rosie Allen,2017,Prague,Rijeka,612
George Robinson,1978,Innsbruck,Warsaw,505
Muhammad Robinson,1988,Innsbruck,Warsaw,505
Jacob Robinson,2015,Innsbruck,Warsaw,505
Freya White,1977,Hamburg,Innsbruck,909
Arlo White,1981,Hamburg,Innsbruck,909
Mia White,2016,Hamburg,Innsbruck,909
Freya White,2013,Hamburg,Innsbruck,909
Evie Burton,1975,Prague,Rijeka,1040
Tommy Adams,1978,Prague,Rijeka,1040
Oscar Baker,1985,Prague,Rijeka,1040
Henry Stevens,1979,Prague,Rijeka,1040
Mia Lewis,1992,Prague,Rijeka,1040
Amelia Wilson,1981,Prague,Rijeka,1040
Sienna Davidson,1993,Prague,Rijeka,1040
Rosie Holmes,1991,Prague,Rijeka,1040
Archie Webb,1985,Krakow,Zagreb,808
Roman Webb,1990,Krakow,Zagreb,808
Poppy Webb,2016,Krakow,Zagreb,808
Sofia Owen,1988,Prague,Rijeka,1040
Tommy Allen,1983,Prague,Rijeka,1040
Sofia Allen,1974,Prague,Rijeka,1040
Noah Adams,1975,Prague,Rijeka,1040
Noah Black,1987,Prague,Rijeka,1040
Ella Walker,1973,Hamburg,Innsbruck,1224
William Chapman,1974,Hamburg,Innsbruck,1224
Evelyn Wilson,1978,Hamburg,Innsbruck,1224
Grace Walker,1987,Hamburg,Innsbruck,1224
Isaac Foster,1985,Hamburg,Innsbruck,1224
Ivy Walker,1976,Hamburg,Innsbruck,1224
Grace Black,1990,Berlin,Napoli,1133
Willow Stevens,1983,Berlin,Napoli,1133
Poppy Baker,1993,Berlin,Napoli,1133
Isla Foster,1990,Berlin,Napoli,1133
Amelia Wilson,1993,Berlin,Napoli,1133
Jacob Walker,1984,Krakow,Zagreb,714
Evelyn Walker,1987,Krakow,Zagreb,714
Ava Walker,2015,Krakow,Zagreb,714
Henry Baker,1973,Brno,Rijeka,618
Ella Baker,1979,Brno,Rijeka,618
Arthur Baker,2013,Brno,Rijeka,618
Lucas Holmes,1975,Berlin,Napoli,1040
Lily Foster,1989,Berlin,Napoli,1040
Charlie Lewis,1990,Berlin,Napoli,1040
Tommy Baker,1982,Berlin,Napoli,1040
Ella Harris,1987,Berlin,Napoli,1040
Grace Payne,1991,Berlin,Napoli,1020
Sophia Holmes,1984,Berlin,Napoli,1020
Harry Jones,1991,Berlin,Napoli,1020
Sienna Matthews,1977,Prague,Rijeka,624
Elsie Matthews,1977,Prague,Rijeka,624
Evie Matthews,2016,Prague,Rijeka,624
Muhammad Burton,1986,Innsbruck,Warsaw,909
Freddie Burton,1982,Innsbruck,Warsaw,909
Thomas Burton,2016,Innsbruck,Warsaw,909
Sofia Matthews,1983,Brno,Rijeka,1133
Rosie Wilson,1989,Brno,Rijeka,1133
Isaac Allen,1977,Brno,Rijeka,1133
Lily Baker,1974,Brno,Rijeka,1133
Archie Adams,1976,Brno,Rijeka,1133
Willow Harris,1989,Brno,Rijeka,1133
Lily Matthews,1981,Hamburg,Innsbruck,1248
Roman Black,1983,Hamburg,Innsbruck,1248
William White,1978,Hamburg,Innsbruck,1248
Elsie Lewis,1986,Hamburg,Innsbruck,1248
Evelyn Davidson,1991,Hamburg,Innsbruck,1248
Grace Robinson,1977,Berlin,Napoli,1010
Freddie Holmes,1977,Berlin,Napoli,1010
Sophia Foster,1987,Berlin,Napoli,1010
Mia Davidson,1976,Berlin,Napoli,1010
Finley Foster,1987,Berlin,Napoli,1010
Henry Owen,1977,Berlin,Napoli,936
Evie Owen,1974,Berlin,Napoli,936
Freddie Owen,2013,Berlin,Napoli,936
Noah Jones,1987,Berlin,Napoli,909
Evelyn Jones,1988,Berlin,Napoli,909
Lucas Jones,2016,Berlin,Napoli,909
Florence Lewis,1976,Hamburg,Innsbruck,1212
Willow White,1988,Hamburg,Innsbruck,1212
Finley Holmes,1990,Hamburg,Innsbruck,1212
Finley Foster,1990,Hamburg,Innsbruck,1212
Grace Matthews,1983,Hamburg,Innsbruck,1212
Alfie Harris,1973,Hamburg,Innsbruck,1212
Isla Holmes,1974,Brno,Rijeka,714
Leo Holmes,1981,Brno,Rijeka,714
Sophia Holmes,2015,Brno,Rijeka,714
Ella Holmes,2017,Brno,Rijeka,714
Charlotte Wilson,1975,Krakow,Zagreb,721
Noah Wilson,1977,Krakow,Zagreb,721
Isla Wilson,2017,Krakow,Zagreb,721
Harry Foster,1984,Vienna,Warsaw,1111
Lucas Black,1977,Vienna,Warsaw,1111
Ava White,1989,Vienna,Warsaw,1111
Arlo Chapman,1989,Vienna,Warsaw,1111
Sophia Foster,1974,Hamburg,Innsbruck,1236
Charlie Burton,1987,Hamburg,Innsbruck,1236
Florence Payne,1993,Hamburg,Innsbruck,1236
Charlotte Davidson,1987,Hamburg,Innsbruck,1236
Evelyn Matthews,1986,Hamburg,Innsbruck,1236
Finley Webb,1979,Hamburg,Innsbruck,1224
Freya Jones,1973,Hamburg,Innsbruck,1224
Sofia Baker,1973,Hamburg,Innsbruck,1224
Sienna Walker,1979,Hamburg,Innsbruck,1248
Theodore Payne,1977,Hamburg,Innsbruck,1248
Lily Stevens,1976,Hamburg,Innsbruck,1248
Willow Lewis,1992,Prague,Rijeka,612
Ivy Lewis,1982,Prague,Rijeka,612
Theodore Lewis,2016,Prague,Rijeka,612
Lily Lewis,2014,Prague,Rijeka,612
Lily Allen,1978,Innsbruck,Warsaw,1236
Freya Harris,1985,Innsbruck,Warsaw,1236
Jacob Chapman,1976,Innsbruck,Warsaw,1236
Grace Wilson,1983,Innsbruck,Warsaw,1236
Noah Burton,1991,Innsbruck,Warsaw,1236
Thomas Harris,1982,Innsbruck,Warsaw,1236
Freddie Burton,1975,Prague,Rijeka,1030
Isaac Webb,1991,Prague,Rijeka,1030
Emily Webb,1980,Prague,Rijeka,1030
Phoebe Black,1975,Prague,Rijeka,1030
Emily Payne,1976,Prague,Rijeka,1030
Muhammad Stevens,1979,Innsbruck,Warsaw,510
Arthur Stevens,1982,Innsbruck,Warsaw,510
Roman Stevens,2014,Innsbruck,Warsaw,510
Amelia Robinson,1974,Innsbruck,Warsaw,520
Isaac Robinson,1980,Innsbruck,Warsaw,520
Arlo Robinson,2016,Innsbruck,Warsaw,520
Tommy Robinson,1977,Innsbruck,Warsaw,918
Henry Robinson,1977,Innsbruck,Warsaw,918
Archie Robinson,2017,Innsbruck,Warsaw,918
Willow Webb,1977,Brno,Rijeka,1144
Archie Jones,1991,Brno,Rijeka,1144
Leo Matthews,1981,Brno,Rijeka,1144
Evie Harris,1982,Brno,Rijeka,1144
Noah Harris,1986,Prague,Rijeka,624
Ella Harris,1977,Prague,Rijeka,624
Freddie Harris,2017,Prague,Rijeka,624
Grace Harris,2013,Prague,Rijeka,624
Alfie Holmes,1985,Vienna,Warsaw,1122
Lily Black,1980,Vienna,Warsaw,1122
Muhammad White,1992,Vienna,Warsaw,1122
Finley Baker,1980,Vienna,Warsaw,1122
Muhammad Burton,1993,Vienna,Warsaw,1122
Phoebe Harris,1975,Vienna,Warsaw,1122
Tommy Owen,1976,Brno,Rijeka,721
George Owen,1992,Brno,Rijeka,721
Grace Owen,2016,Brno,Rijeka,721
Emily Chapman,1992,Vienna,Warsaw,714
Roman Chapman,1977,Vienna,Warsaw,714
Lucas Chapman,2016,Vienna,Warsaw,714
Charlotte Chapman,2018,Vienna,Warsaw,714
Sienna Allen,1981,Prague,Rijeka,1020
Jacob Wilson,1987,Prague,Rijeka,1020
Isla Holmes,1991,Prague,Rijeka,1020
Isaac Stevens,1993,Prague,Rijeka,606
Henry Stevens,1983,Prague,Rijeka,606
Lucas Stevens,2016,Prague,Rijeka,606
Noah Black,1982,Hamburg,Innsbruck,1224
Oscar Matthews,1986,Hamburg,Innsbruck,1224
Harry Wilson,1989,Hamburg,Innsbruck,1224
Noah Harris,1985,Hamburg,Innsbruck,1224
Willow Owen,1989,Hamburg,Innsbruck,1224
Sophia Jones,1984,Innsbruck,Warsaw,1122
Elsie Robinson,1983,Innsbruck,Warsaw,1122
Finley Allen,1990,Innsbruck,Warsaw,1122
Sienna Baker,1979,Innsbruck,Warsaw,1122
Isabella Owen,1975,Innsbruck,Warsaw,1122
Isla Baker,1986,Innsbruck,Warsaw,1212
Rosie Stevens,1983,Innsbruck,Warsaw,1212
Isabella Allen,1984,Innsbruck,Warsaw,1212
Theo Jones,1975,Innsbruck,Warsaw,1212
Tommy Black,1992,Innsbruck,Warsaw,1212
Thomas Webb,1984,Innsbruck,Warsaw,1212
Emily Harris,1978,Brno,Rijeka,1224
Ava Chapman,1987,Brno,Rijeka,1224
Roman Holmes,1985,Brno,Rijeka,1224
Alfie Wilson,1984,Brno,Rijeka,1224
Amelia Walker,1990,Brno,Rijeka,1224
Arlo Harris,1980,Hamburg,Innsbruck,936
Roman Harris,1993,Hamburg,Innsbruck,936
Isaac Harris,2016,Hamburg,Innsbruck,936
Sienna White,1987,Brno,Rijeka,606
Ava White,1978,Brno,Rijeka,606
Isaac White,2015,Brno,Rijeka,606
Isabella Jones,1993,Innsbruck,Warsaw,1212
Sienna Stevens,1975,Innsbruck,Warsaw,1212
Alfie White,1984,Innsbruck,Warsaw,1212
Harry Wilson,1981,Innsbruck,Warsaw,1212
Lily Baker,1978,Innsbruck,Warsaw,1212
Florence Lewis,1991,Vienna,Warsaw,721
Willow Lewis,1976,Vienna,Warsaw,721
Sofia Lewis,2018,Vienna,Warsaw,721
Arlo Foster,1973,Vienna,Warsaw,936
William Foster,1978,Vienna,Warsaw,936
Elsie Foster,2017,Vienna,Warsaw,936
Leo Stevens,1983,Prague,Rijeka,624
Poppy Stevens,1988,Prague,Rijeka,624
Poppy Stevens,2015,Prague,Rijeka,624
Charlotte Payne,1986,Hamburg,Innsbruck,927
Isabella Payne,1985,Hamburg,Innsbruck,927
Florence Payne,2013,Hamburg,Innsbruck,927
Arthur Payne,2016,Hamburg,Innsbruck,927
Lily Holmes,1989,Hamburg,Innsbruck,936
Lily Holmes,1987,Hamburg,Innsbruck,936
Henry Holmes,2015,Hamburg,Innsbruck,936
Alfie Baker,1989,Prague,Rijeka,1030
Jack Wilson,1991,Prague,Rijeka,1030
Isaac Walker,1991,Prague,Rijeka,1030
Oscar Adams,1973,Innsbruck,Warsaw,1236
Jack Robinson,1992,Innsbruck,Warsaw,1236
Sienna Stevens,1981,Innsbruck,Warsaw,1236
Sofia Owen,1986,Innsbruck,Warsaw,1236
Freya Payne,1989,Innsbruck,Warsaw,1224
Mia Baker,1974,Innsbruck,Warsaw,1224
Charlotte Payne,1980,Innsbruck,Warsaw,1224
Harry Black,1985,Innsbruck,Warsaw,1224
Henry Walker,1984,Brno,Rijeka,707
Tommy Walker,1986,Brno,Rijeka,707
Jacob Walker,2013,Brno,Rijeka,707
George Walker,2017,Brno,Rijeka,707
Grace Stevens,1988,Hamburg,Rome,721
William Stevens,1981,Hamburg,Rome,721
Finley Stevens,2016,Hamburg,Rome,721
Charlotte Davidson,1993,Hamburg,Rome,832
Noah Davidson,1992,Hamburg,Rome,832
Archie Davidson,2017,Hamburg,Rome,832
Mia Davidson,2017,Hamburg,Rome,832
Evie Payne,1978,Brno,Rijeka,1224
Sienna Robinson,1985,Brno,Rijeka,1224
Amelia Wilson,1988,Brno,Rijeka,1224
Freya Foster,1980,Innsbruck,Warsaw,936
Rosie Foster,1991,Innsbruck,Warsaw,936
Sophia Foster,2013,Innsbruck,Warsaw,936
George Matthews,1985,Innsbruck,Warsaw,909
Ivy Matthews,1985,Innsbruck,Warsaw,909
Florence Matthews,2015,Innsbruck,Warsaw,909
Thomas Adams,1974,Berlin,Napoli,918
Grace Adams,1986,Berlin,Napoli,918
Jacob Adams,2013,Berlin,Napoli,918
Freddie Harris,1990,Innsbruck,Warsaw,515
Thomas Harris,1981,Innsbruck,Warsaw,515
Finley Harris,2013,Innsbruck,Warsaw,515
Finley Allen,1989,Hamburg,Innsbruck,312
Theodore Allen,1992,Hamburg,Innsbruck,312
Daisy Allen,2017,Hamburg,Innsbruck,312
Grace Baker,1984,Innsbruck,Warsaw,927
Sofia Baker,1975,Innsbruck,Warsaw,927
Henry Baker,2018,Innsbruck,Warsaw,927
George Adams,1990,Brno,Rijeka,1224
Jacob Davidson,1974,Brno,Rijeka,1224
Muhammad Walker,1992,Brno,Rijeka,1224
Henry Wilson,1977,Brno,Rijeka,1224
Freya Webb,1982,Brno,Rijeka,1224
Finley Jones,1980,Berlin,Napoli,816
Theodore Jones,1986,Berlin,Napoli,816
William Jones,2013,Berlin,Napoli,816
Freya Chapman,1988,Krakow,Zagreb,824
Sophia Chapman,1976,Krakow,Zagreb,824
Tommy Chapman,2014,Krakow,Zagreb,824
Harry Chapman,2015,Krakow,Zagreb,824
Jacob Davidson,1976,Prague,Rijeka,618
Arlo Davidson,1991,Prague,Rijeka,618
Freya Davidson,2017,Prague,Rijeka,618
Charlie Davidson,2017,Prague,Rijeka,618
Harry Walker,1980,Hamburg,Rome,816
Amelia Walker,1987,Hamburg,Rome,816
Leo Walker,2013,Hamburg,Rome,816
Grace Matthews,1983,Vienna,Warsaw,1133
Phoebe Payne,1989,Vienna,Warsaw,1133
Finley Black,1985,Vienna,Warsaw,1133
Charlotte Chapman,1978,Krakow,Zagreb,824
Grace Chapman,1982,Krakow,Zagreb,824
Isaac Chapman,2014,Krakow,Zagreb,824
Elsie Foster,1991,Vienna,Warsaw,1133
Grace Robinson,1979,Vienna,Warsaw,1133
Thomas Harris,1979,Vienna,Warsaw,1133
Thomas Davidson,1978,Prague,Rijeka,1010
Florence Harris,1991,Prague,Rijeka,1010
Oscar Webb,1978,Prague,Rijeka,1010
Evie Burton,1991,Prague,Rijeka,1010
Roman Harris,1983,Prague,Rijeka,1010
Ella Foster,1992,Prague,Rijeka,1010
William Walker,1982,Hamburg,Innsbruck,1224
Poppy Walker,1991,Hamburg,Innsbruck,1224
Arthur Owen,1979,Hamburg,Innsbruck,1224
Freddie Robinson,1975,Hamburg,Innsbruck,1224
Noah Adams,1985,Vienna,Warsaw,721
Roman Adams,1974,Vienna,Warsaw,721
Leo Adams,2017,Vienna,Warsaw,721
Theo Matthews,1989,Berlin,Napoli,1111
Charlotte Wilson,1978,Berlin,Napoli,1111
Theo Robinson,1984,Berlin,Napoli,1111
Charlotte Holmes,1985,Berlin,Napoli,1111
Ava White,1993,Vienna,Warsaw,918
Jacob White,1981,Vienna,Warsaw,918
Willow White,2016,Vienna,Warsaw,918
Ava White,2014,Vienna,Warsaw,918
Sienna White,1973,Hamburg,Innsbruck,1212
Lucas Davidson,1978,Hamburg,Innsbruck,1212
Sofia Robinson,1979,Hamburg,Innsbruck,1212
Mia Payne,1980,Innsbruck,Warsaw,927
Finley Payne,1990,Innsbruck,Warsaw,927
George Payne,2018,Innsbruck,Warsaw,927
Ava Payne,2018,Innsbruck,Warsaw,927
Ella White,1992,Berlin,Napoli,816
Evelyn White,1983,Berlin,Napoli,816
Noah White,2013,Berlin,Napoli,816
Thomas Jones,1980,Brno,Rijeka,721
William Jones,1990,Brno,Rijeka,721
Charlotte Jones,2014,Brno,Rijeka,721
Charlie Jones,2016,Brno,Rijeka,721
Jack Owen,1981,Vienna,Warsaw,1144
Freya Holmes,1974,Vienna,Warsaw,1144
Evelyn Stevens,1988,Vienna,Warsaw,1144
Arlo Owen,1990,Vienna,Warsaw,1144
Lucas Lewis,1978,Innsbruck,Warsaw,1248
Lily Black,1985,Innsbruck,Warsaw,1248
Tommy Stevens,1989,Innsbruck,Warsaw,1248
Finley Wilson,1982,Innsbruck,Warsaw,1248
Lily White,1989,Innsbruck,Warsaw,1248
Finley Holmes,1986,Innsbruck,Warsaw,1248
Theodore Lewis,1981,Hamburg,Innsbruck,1248
Roman Holmes,1983,Hamburg,Innsbruck,1248
Grace Davidson,1989,Hamburg,Innsbruck,1248
Charlie Jones,1974,Hamburg,Innsbruck,1248
Noah Foster,1992,Hamburg,Innsbruck,1248
Lucas Black,1977,Berlin,Napoli,1111
Phoebe Wilson,1989,Berlin,Napoli,1111
Finley Adams,1977,Berlin,Napoli,1111
Willow Adams,1983,Hamburg,Innsbruck,1248
Isabella Davidson,1982,Hamburg,Innsbruck,1248
Freddie Jones,1984,Hamburg,Innsbruck,1248
Arthur Allen,1993,Hamburg,Innsbruck,1248
Arthur Burton,1985,Hamburg,Innsbruck,1248
Archie Burton,1984,Hamburg,Innsbruck,1248
Roman Davidson,1986,Innsbruck,Warsaw,1224
Oscar Black,1987,Innsbruck,Warsaw,1224
Daisy Harris,1986,Innsbruck,Warsaw,1224
Arthur Black,1977,Innsbruck,Warsaw,1224
Theodore Payne,1985,Innsbruck,Warsaw,1224
Sofia Harris,1990,Berlin,Napoli,1030
Henry Robinson,1974,Berlin,Napoli,1030
Theo Holmes,1989,Berlin,Napoli,1030
Lily Allen,1993,Berlin,Napoli,1030
Evie Black,1983,Berlin,Napoli,1030
Ella Holmes,1985,Berlin,Napoli,1030
Charlotte Holmes,1980,Vienna,Warsaw,927
Evelyn Holmes,1977,Vienna,Warsaw,927
Oscar Holmes,2017,Vienna,Warsaw,927
Ivy Lewis,1977,Innsbruck,Warsaw,1248
Freya Burton,1979,Innsbruck,Warsaw,1248
Isla Harris,1984,Innsbruck,Warsaw,1248
Arlo Robinson,1983,Innsbruck,Warsaw,1248
Tommy Wilson,1983,Brno,Rijeka,728
Thomas Wilson,1978,Brno,Rijeka,728
Theo Wilson,2015,Brno,Rijeka,728
Freddie Wilson,2016,Brno,Rijeka,728
Charlie Payne,1973,Brno,Rijeka,1248
Arlo Foster,1979,Brno,Rijeka,1248
Theo Black,1988,Brno,Rijeka,1248
Amelia Burton,1978,Brno,Rijeka,1248
Oscar Baker,1979,Brno,Rijeka,1248
Willow Robinson,1986,Brno,Rijeka,1248
Emily Davidson,1982,Innsbruck,Warsaw,1236
Charlie Black,1990,Innsbruck,Warsaw,1236
Daisy Lewis,1979,Innsbruck,Warsaw,1236
Daisy Holmes,1981,Innsbruck,Warsaw,1236
Florence Black,1976,Innsbruck,Warsaw,520
Charlie Black,1991,Innsbruck,Warsaw,520
Mia Black,2013,Innsbruck,Warsaw,520
Evelyn Black,2015,Innsbruck,Warsaw,520
Evelyn White,1985,Prague,Rijeka,618
Isaac White,1976,Prague,Rijeka,618
Phoebe White,2018,Prague,Rijeka,618
Evie Stevens,1980,Krakow,Zagreb,927
Grace Stevens,1990,Krakow,Zagreb,927
Leo Stevens,2016,Krakow,Zagreb,927
Sofia Stevens,2014,Krakow,Zagreb,927
Daisy Wilson,1991,Berlin,Napoli,728
Leo Wilson,1979,Berlin,Napoli,728
Jack Wilson,2013,Berlin,Napoli,728
Sofia Wilson,2017,Berlin,Napoli,728
Arthur Owen,1983,Innsbruck,Warsaw,918
Isaac Owen,1979,Innsbruck,Warsaw,918
Oscar Owen,2014,Innsbruck,Warsaw,918
Rosie Owen,1993,Berlin,Napoli,1133
Harry Holmes,1988,Berlin,Napoli,1133
Theo Jones,1973,Berlin,Napoli,1133
Phoebe Chapman,1978,Berlin,Napoli,1133
Emily Webb,1975,Berlin,Napoli,1133
Amelia Burton,1991,Berlin,Napoli,1133
Evelyn Chapman,1976,Berlin,Napoli,824
Thomas Chapman,1986,Berlin,Napoli,824
Poppy Chapman,2017,Berlin,Napoli,824
Roman Chapman,2014,Berlin,Napoli,824
Ella Chapman,1973,Hamburg,Rome,808
Arthur Chapman,1976,Hamburg,Rome,808
Freddie Chapman,2017,Hamburg,Rome,808
Muhammad Adams,1989,Brno,Rijeka,1144
Rosie Payne,1981,Brno,Rijeka,1144
Daisy Payne,1979,Brno,Rijeka,1144
Alfie Baker,1990,Brno,Rijeka,1144
Charlie White,1976,Krakow,Zagreb,832
Ivy White,1993,Krakow,Zagreb,832
Daisy White,2013,Krakow,Zagreb,832
Roman Owen,1986,Hamburg,Innsbruck,1236
Daisy White,1976,Hamburg,Innsbruck,1236
Emily Holmes,1987,Hamburg,Innsbruck,1236
Evie Allen,1983,Hamburg,Innsbruck,1236
Isla Stevens,1983,Hamburg,Innsbruck,1236
Grace Black,1974,Hamburg,Innsbruck,1248
Freddie Baker,1982,Hamburg,Innsbruck,1248
Theodore Lewis,1986,Hamburg,Innsbruck,1248
Finley Wilson,1981,Hamburg,Innsbruck,1248
Jack Holmes,1974,Hamburg,Innsbruck,927
Jack Holmes,1984,Hamburg,Innsbruck,927
Freddie Holmes,2016,Hamburg,Innsbruck,927
Isaac Holmes,2016,Hamburg,Innsbruck,927
Amelia Webb,1974,Innsbruck,Warsaw,909
Lily Webb,1984,Innsbruck,Warsaw,909
Theodore Webb,2015,Innsbruck,Warsaw,909
Alfie Wilson,1978,Brno,Rijeka,1236
Henry Walker,1981,Brno,Rijeka,1236
Charlotte Holmes,1982,Brno,Rijeka,1236
Arlo Black,1988,Brno,Rijeka,1236
Isabella Holmes,1987,Vienna,Warsaw,1144
Lucas Holmes,1992,Vienna,Warsaw,1144
Muhammad Harris,1977,Vienna,Warsaw,1144
Finley Matthews,1974,Vienna,Warsaw,1144
Charlie Burton,1989,Vienna,Warsaw,1133
Sophia Payne,1974,Vienna,Warsaw,1133
Phoebe Owen,1989,Vienna,Warsaw,1133
Jacob Davidson,1973,Vienna,Warsaw,1133
Daisy Allen,1991,Prague,Rijeka,1040
Sienna Lewis,1992,Prague,Rijeka,1040
Isaac Black,1974,Prague,Rijeka,1040
Ava Robinson,1976,Prague,Rijeka,1040
Leo Stevens,1974,Prague,Rijeka,1040
Archie Foster,1974,Innsbruck,Warsaw,1248
Muhammad Adams,1993,Innsbruck,Warsaw,1248
Oscar Matthews,1983,Innsbruck,Warsaw,1248
Freya Owen,1976,Innsbruck,Warsaw,1248
Harry Lewis,1986,Innsbruck,Warsaw,1248
Muhammad Payne,1985,Prague,Rijeka,618
Elsie Payne,1985,Prague,Rijeka,618
Elsie Payne,2017,Prague,Rijeka,618
Henry Foster,1977,Innsbruck,Warsaw,918
Jacob Foster,1992,Innsbruck,Warsaw,918
Emily Foster,2018,Innsbruck,Warsaw,918
Isabella Foster,1988,Innsbruck,Warsaw,515
Isaac Foster,1990,Innsbruck,Warsaw,515
Lucas Foster,2013,Innsbruck,Warsaw,515
Noah Walker,1977,Brno,Rijeka,1248
Alfie Allen,1985,Brno,Rijeka,1248
Jack Foster,1979,Brno,Rijeka,1248
Theodore White,1987,Brno,Rijeka,1248
George Payne,1986,Brno,Rijeka,1248
Isaac Walker,1991,Innsbruck,Warsaw,918
Muhammad Walker,1976,Innsbruck,Warsaw,918
Finley Walker,2016,Innsbruck,Warsaw,918
Freya Walker,2013,Innsbruck,Warsaw,918
Evelyn Black,1981,Prague,Rijeka,1020
Evelyn Jones,1992,Prague,Rijeka,1020
Muhammad Lewis,1987,Prague,Rijeka,1020
Leo Chapman,1977,Prague,Rijeka,1020
Ella Owen,1976,Krakow,Zagreb,721
Grace Owen,1985,Krakow,Zagreb,721
Leo Owen,2018,Krakow,Zagreb,721
Sienna Chapman,1982,Berlin,Napoli,1144
Charlotte Burton,1980,Berlin,Napoli,1144
Willow Wilson,1974,Berlin,Napoli,1144
Roman Foster,1983,Hamburg,Innsbruck,1236
Freddie Jones,1988,Hamburg,Innsbruck,1236
Daisy Baker,1989,Hamburg,Innsbruck,1236
Charlie Chapman,1993,Hamburg,Innsbruck,1236
Roman Holmes,1991,Hamburg,Innsbruck,1236
Willow Adams,1981,Hamburg,Innsbruck,1236
Ivy Wilson,1982,Innsbruck,Warsaw,927
Theodore Wilson,1982,Innsbruck,Warsaw,927
Jacob Wilson,2013,Innsbruck,Warsaw,927
Lucas Wilson,2016,Innsbruck,Warsaw,927
Muhammad Robinson,1992,Prague,Rijeka,1030
Willow Walker,1982,Prague,Rijeka,1030
Freddie Robinson,1977,Prague,Rijeka,1030
Freya Payne,1985,Prague,Rijeka,1030
Charlie Walker,1990,Prague,Rijeka,1030
William Burton,1986,Prague,Rijeka,1030
Thomas Allen,1992,Krakow,Zagreb,816
Willow Allen,1974,Krakow,Zagreb,816
Alfie Allen,2013,Krakow,Zagreb,816
Evie Adams,1984,Hamburg,Innsbruck,1236
Poppy Robinson,1975,Hamburg,Innsbruck,1236
Noah White,1985,Hamburg,Innsbruck,1236
Sofia Payne,1978,Hamburg,Innsbruck,1236
Archie Harris,1991,Hamburg,Rome,824
George Harris,1989,Hamburg,Rome,824
Phoebe Harris,2017,Hamburg,Rome,824
Isabella Harris,2016,Hamburg,Rome,824
Arthur Matthews,1992,Krakow,Zagreb,918
Rosie Matthews,1990,Krakow,Zagreb,918
Mia Matthews,2018,Krakow,Zagreb,918
Charlie Jones,1975,Prague,Rijeka,1020
Lucas Foster,1984,Prague,Rijeka,1020
Lucas Owen,1986,Prague,Rijeka,1020
Jacob Owen,1980,Prague,Rijeka,1020
Sophia Black,1981,Prague,Rijeka,1020
Sophia Owen,1974,Prague,Rijeka,1020
Lucas Baker,1977,Innsbruck,Warsaw,1122
Tommy Baker,1977,Innsbruck,Warsaw,1122
Archie Jones,1977,Innsbruck,Warsaw,1122
Oscar Stevens,1993,Prague,Rijeka,612
George Stevens,1984,Prague,Rijeka,612
Jacob Stevens,2013,Prague,Rijeka,612
Oscar Holmes,1974,Brno,Rijeka,1212
Freddie Davidson,1985,Brno,Rijeka,1212
Isabella Baker,1983,Brno,Rijeka,1212
Isaac Burton,1983,Brno,Rijeka,1212
Lucas Robinson,1973,Brno,Rijeka,1212
Roman Allen,1980,Brno,Rijeka,1212
Phoebe Stevens,1988,Brno,Rijeka,1248
Leo Payne,1973,Brno,Rijeka,1248
Evie Black,1977,Brno,Rijeka,1248
Oscar Webb,1980,Brno,Rijeka,1248
Sienna Davidson,1982,Brno,Rijeka,1248
Freddie Adams,1978,Innsbruck,Warsaw,515
Leo Adams,1973,Innsbruck,Warsaw,515
Sienna Adams,2016,Innsbruck,Warsaw,515
Sofia Davidson,1973,Hamburg,Rome,824
Freddie Davidson,1990,Hamburg,Rome,824
Finley Davidson,2017,Hamburg,Rome,824
Roman Davidson,2018,Hamburg,Rome,824
Harry Black,1989,Prague,Rijeka,624
Sienna Black,1981,Prague,Rijeka,624
Alfie Black,2014,Prague,Rijeka,624
Roman Black,2015,Prague,Rijeka,624
Harry Lewis,1976,Prague,Rijeka,1010
Theo Owen,1977,Prague,Rijeka,1010
Emily Owen,1987,Prague,Rijeka,1010
George Burton,1980,Prague,Rijeka,1010
Evelyn Foster,1979,Berlin,Napoli,1111
Grace Jones,1975,Berlin,Napoli,1111
Florence Foster,1983,Berlin,Napoli,1111
Sophia Robinson,1988,Berlin,Napoli,1144
Archie White,1991,Berlin,Napoli,1144
Thomas Payne,1978,Berlin,Napoli,1144
Muhammad Stevens,1980,Hamburg,Innsbruck,1236
Isla Lewis,1985,Hamburg,Innsbruck,1236
Finley Payne,1992,Hamburg,Innsbruck,1236
Theo Chapman,1992,Hamburg,Innsbruck,1236
Grace Robinson,1989,Vienna,Warsaw,1111
Rosie Robinson,1987,Vienna,Warsaw,1111
Alfie Allen,1982,Vienna,Warsaw,1111
Ivy Lewis,1974,Hamburg,Innsbruck,1212
Finley Burton,1989,Hamburg,Innsbruck,1212
Mia Davidson,1982,Hamburg,Innsbruck,1212
Amelia Burton,1981,Hamburg,Innsbruck,1212
George Lewis,1978,Brno,Rijeka,1236
Henry Owen,1985,Brno,Rijeka,1236
Evie Holmes,1992,Brno,Rijeka,1236
Charlie Webb,1987,Prague,Rijeka,1030
Freya Black,1981,Prague,Rijeka,1030
Archie Foster,1976,Prague,Rijeka,1030
Oscar Black,1978,Prague,Rijeka,1030
William Davidson,1993,Prague,Rijeka,1030
Jack Adams,1984,Prague,Rijeka,1030
Ivy Foster,1990,Prague,Rijeka,1030
Alfie Owen,1992,Prague,Rijeka,1030
Ella Baker,1977,Prague,Rijeka,1030
Alfie Allen,1992,Prague,Rijeka,1030
Sophia Walker,1986,Vienna,Warsaw,1111
Sofia Robinson,1985,Vienna,Warsaw,1111
William Jones,1989,Vienna,Warsaw,1111
Lily Wilson,1982,Vienna,Warsaw,1111
Ella Matthews,1981,Berlin,Napoli,1133
Lucas Baker,1991,Berlin,Napoli,1133
Sophia Webb,1975,Berlin,Napoli,1133
Archie White,1989,Brno,Rijeka,1248
Roman Payne,1988,Brno,Rijeka,1248
Ivy Payne,1978,Brno,Rijeka,1248
Sofia Adams,1983,Brno,Rijeka,1248
Willow Foster,1990,Brno,Rijeka,1248
Charlie Payne,1975,Brno,Rijeka,1248
Sienna Chapman,1977,Prague,Rijeka,1030
Oscar Foster,1976,Prague,Rijeka,1030
Lucas Webb,1987,Prague,Rijeka,1030
Amelia Jones,1983,Prague,Rijeka,1030
Grace Jones,1992,Prague,Rijeka,1030
Arthur Burton,1990,Prague,Rijeka,1030
Noah Baker,1980,Hamburg,Innsbruck,1212
Oscar Burton,1973,Hamburg,Innsbruck,1212
Roman Jones,1993,Hamburg,Innsbruck,1212
Sienna Jones,1990,Hamburg,Innsbruck,1212
Ava Holmes,1988,Innsbruck,Warsaw,1212
Rosie Burton,1973,Innsbruck,Warsaw,1212
Willow Wilson,1973,Innsbruck,Warsaw,1212
Evelyn White,1978,Innsbruck,Warsaw,1212
Finley Baker,1976,Innsbruck,Warsaw,1212
